Country Name,Country Code,average_value_Population ages 0-14 (% of total population),"average_value_School enrollment, secondary (% gross)","average_value_School enrollment, secondary, female (% gross)","average_value_School enrollment, tertiary (% gross)","average_value_School enrollment, tertiary, female (% gross)",average_value_GDP per capita (current US$),average_value_GDP growth (annual %),"average_value_GDP per capita, PPP (current international $)","average_value_GNI per capita, Atlas method (current US$)",average_value_Gross domestic savings (% of GDP),average_value_Rural population (% of total population),average_value_Rural population growth (annual %),"average_value_Agriculture, forestry, and fishing, value added (% of GDP)",average_value_Forest area (% of land area),average_value_Agricultural land (% of land area),average_value_People using at least basic drinking water services (% of population),average_value_People using at least basic sanitation services (% of population),average_value_People practicing open defecation (% of population),average_value_Total natural resources rents (% of GDP),average_value_Adjusted savings: consumption of fixed capital (% of GNI),average_value_Population growth (annual %),average_value_Population ages 15-64 (% of total population),average_value_Population ages 65 and above (% of total population),average_value_Age dependency ratio (% of working-age population),average_value_Mobile cellular subscriptions (per 100 people),average_value_Fixed broadband subscriptions (per 100 people),average_value_Individuals using the Internet (% of population),average_value_Fixed telephone subscriptions (per 100 people)
Burundi,BDI,45.17256753,26.12249947,22.14746094,,,305.549646,-3.900003086,841.6460259,260.0,2.164415581,87.922,2.814010518,30.68083011,10.8894081,79.16666667,62.09432063,45.74527589,2.59323255,9.212709114,14.74127609,3.128932148,52.28725702,2.312095315,91.25120127,56.64970019,0.03374505,5.2,0.181569357
Central African Republic,CAF,45.20481086,,,,,424.449106,0.081070515,720.3241096,390.0,2.247273878,61.096,0.783431087,37.3635796,36.28206363,8.154354875,41.2766431,15.58824143,24.87701778,13.02719792,18.51591173,1.674661628,53.26519409,2.81479015,87.73984393,27.51062987,0.016219721,4.0,0.043281972
Djibouti,DJI,32.05532791,40.86059189,39.40647125,5.345320225,4.568019867,2802.181971,6.652650372,4692.550689,2870.0,16.33329607,22.085,0.891830695,1.271718563,0.245901639,,75.78704503,61.41890482,17.152299,0.66101077,11.68825478,1.687131961,65.12697581,4.315131516,53.54627145,34.3930424,2.643893334,22.9,2.505708468
Fragile and conflict affected situations,FCS,40.56151216,,,,,1928.978592,2.563330135,4418.85411,2002.722766,,59.04163951,1.616129105,,23.70963519,33.44700152,64.5190845,40.97296512,19.20735416,14.41544038,10.34726044,2.261210879,55.57473254,3.406058335,81.38884406,66.33588957,1.478128664,22.77505021,2.617778518
Croatia,HRV,14.51194001,100.0797729,102.4584808,67.65422821,79.05442047,14609.52435,-0.198369263,20804.38888,14040.0,18.22270654,44.845,-0.600750996,3.698754403,34.31022159,23.83488206,,96.56523542,0.0,,,-0.445069569,64.20620145,21.25223524,55.74817985,106.58744,25.11342137,78.32093274,31.66919472
Maldives,MDV,23.31530044,,,,,7076.739821,7.265129068,12712.34321,5960.0,,59.331,1.065180442,,2.733333333,,99.11409317,95.06128912,0.0,0.006633302,11.80304999,4.426900708,75.39536331,3.858788001,32.63432717,170.7902219,6.163672,59.09258997,4.445103383
San Marino,SMR,,95.52239227,96.1016922,55.84883118,68.125,57297.51331,-8.314773571,57954.42968,,,3.441,-4.233893694,,16.66666667,16.66666667,100.0,100.0,0.0,0.0,,0.697889703,,,,109.1511461,35.81661891,,47.75549188
Suriname,SUR,27.43314589,,,,,9168.237157,-3.411095864,17210.27034,8890.0,,33.724,1.338685677,8.732355383,98.01424359,0.512820513,94.85724987,85.13041704,3.825575448,20.86696949,13.39175223,1.111222577,65.09754409,6.435698742,53.61545543,158.7089866,6.77792984,37.4,15.52026253
British Virgin Islands,VGB,,96.63865662,97.31343079,,,,,,,,55.186,2.174715029,,24.26666667,46.66666667,99.48424658,96.85191439,0.0,,,1.888798534,,,,164.5432395,25.78127759,37.4,44.18941347
Vanuatu,VUT,38.41019714,,,,,2695.666186,0.371578452,2832.178337,2780.0,15.06207866,74.726,2.333793124,,36.28383921,15.34044299,89.28986064,53.6323966,0.864286017,0.934715198,8.561843745,2.786213562,57.55055175,3.737949433,73.76028024,59.13531498,1.731416358,18.8,2.170238889
Arab World,ARB,33.2398709,69.19179,67.11553,27.4303894,27.89999008,5948.674349,4.663808232,15032.60729,5793.111243,41.15832313,43.55911948,1.37984124,5.177426883,2.859551987,36.42554503,88.47155691,83.16668783,5.103822331,22.72098563,8.725583875,1.919966442,62.66196548,4.557907613,61.16458197,99.48647313,7.682610797,,8.471974538
Belarus,BLR,16.86594305,102.4395294,101.6907425,87.42909241,95.0921402,6519.230195,5.37870745,16543.04373,6260.0,37.84611629,22.819,-1.956730749,6.283296561,42.53416626,42.24201638,96.52321031,97.88502524,0.0,1.773031832,18.1131937,-0.694662243,67.7628385,15.20084135,47.57350667,123.0082886,34.01110045,82.78915209,47.10760038
Barbados,BRB,19.19415159,,,,,17745.25537,-0.580333154,16051.25581,16700.0,9.640915168,68.672,0.333898676,,14.65116279,27.90697674,98.51445042,98.09246231,,0.270213691,10.5062781,0.132831082,66.71857852,16.23099033,49.88302628,114.7377406,37.21034753,,44.61039979
Cayman Islands,CYM,,,,,,74990.43322,2.654527985,63067.41992,42930.0,,0.0,,0.312850352,53.0,11.25,,,,0.0,9.43994072,1.298987665,,,,152.4975545,49.27581963,81.06769325,54.85469061
Dominica,DMA,,90.72412872,90.04216766,,,6967.364955,0.6726344,10017.76187,6730.0,,31.315,-0.88272109,12.01960082,63.82666667,33.33333333,,,,,,0.254522074,,,,,,,
Estonia,EST,16.49817004,,,,,17624.04456,7.426671578,24780.97937,15990.0,31.20932517,32.035,0.099992362,3.646643062,55.50879925,22.3165841,99.74892504,99.33350111,0.0,1.904732447,17.94108204,-0.228057969,67.34279158,17.5240466,48.49395306,124.0753516,26.11536212,74.1,36.19928219
"Gambia, The",GMB,44.64685021,,,,,762.7631177,-8.130444223,2215.757104,760.0,4.829360037,38.73,1.228354168,19.87159059,25.11264822,59.7826087,79.2101665,46.29977642,1.225966442,5.558881778,20.69017611,3.008720834,52.84261647,2.653629678,89.24119711,130.1943563,0.171296252,19.7,2.157383525
Latin America & Caribbean,LCN,24.53977482,97.56992,99.74361,52.71844864,59.74541092,8951.811517,0.951874195,16932.86315,8868.102106,18.56557723,20.36993963,-0.235590891,4.63566208,47.33549005,34.9460806,94.74040083,82.96418874,4.775448868,6.504368113,10.70190803,1.119708045,65.74654654,7.021383267,52.41664353,105.8080264,8.096880673,39.33849068,18.09318521
Morocco,MAR,27.45259829,79.86486816,75.33222198,33.78467941,33.2909584,3035.454433,4.248949211,7312.056779,2880.0,23.07240051,40.858,0.029867569,12.3295604,12.72376877,68.12233923,83.75113288,82.61338627,6.520443469,2.443517618,11.34847392,1.3688207,65.88659869,6.376659691,51.77593075,124.279337,3.31048391,57.07999935,6.411249286
Middle income,MIC,27.03579341,72.99159,72.45071,28.66924095,29.60063934,5207.289024,-1.929644122,11815.91343,5307.829757,,52.07781317,0.008356507,9.059197088,34.23610172,37.26945645,88.35292439,68.63552023,12.70901916,6.270191206,14.14662293,1.171627437,66.57603185,6.587378564,51.35186362,91.77908227,6.41138348,30.18603094,11.13512539
Mauritania,MRT,40.40945514,32.67718887,32.19992065,5.352479935,3.576649904,1524.071753,5.376339237,4200.152563,1640.0,21.50498001,52.507,1.236429327,14.51589474,0.351023576,38.47967401,71.68104923,49.83422278,30.67496665,,,2.702227925,57.13704105,3.177868136,75.01782301,106.0845981,0.413922916,,1.335560594
Panama,PAN,26.49477944,,,,,15544.73352,3.598112758,31757.56114,14480.0,36.80228806,34.86,0.932322114,3.613074595,58.2188593,30.48681733,93.55518617,81.01029843,4.695434506,0.12454428,6.975891461,1.711544601,64.75061052,7.90991653,54.43872208,128.5729731,10.74233783,59.9506309,16.13404601
Pacific island small states,PSS,34.85643571,75.31316,76.84383,,,3440.720461,3.819518848,5239.595394,3119.464128,8.204597823,60.74211248,1.048943689,,68.45310065,,85.36421325,71.1741142,14.64585502,,,1.488034326,60.59307492,4.729330066,65.71709309,,,,
Saudi Arabia,SAU,27.84015037,,,46.67547989,47.03118896,20627.92693,4.10640887,48611.13147,23710.0,29.69482126,17.26,1.764213415,2.157306454,0.454484135,80.61394899,100.0,100.0,0.0,24.80626442,9.811326009,1.664776702,71.72113141,3.4128866,39.42891987,120.5147446,19.84896754,95.7247356,15.69363586
Sint Maarten (Dutch part),SXM,,,,,,29160.10381,-6.6,36190.66391,27680.0,3.393025448,0.0,,0.080249666,10.88235294,,95.31117933,98.78102656,0.131379855,0.0,,2.903978461,,,,,,,
Seychelles,SYC,23.7668663,,,,,12189.09516,7.887279597,21922.73953,10570.0,19.41497423,44.169,0.366542102,2.010871146,73.26086957,3.369565217,96.24196017,100.0,0.0,0.126515448,13.13457987,1.555395709,69.70546091,7.259990447,43.46126064,160.6283501,12.55320278,51.25470199,22.510216
Tuvalu,TUV,,,,,,3024.761774,-2.729427912,2928.118763,4400.0,,43.185,-1.199671629,20.49671004,33.33333333,60.0,100.0,84.17299641,8.482711523,0.0,4.988068065,0.972545062,,,,31.31620153,4.144791379,37.0,13.35543889
Virgin Islands (U.S.),VIR,20.28716248,,,,,37850.77827,-15.01925546,,,13.18681319,5.081,-3.151558947,,53.49142857,11.42857143,98.71826738,99.37127753,0.0,,,-0.261338012,60.99828047,19.28830722,63.94000214,,,,
Africa Eastern and Southern,AFE,41.24664096,,,,,1401.281053,2.00453889,3454.156392,1436.930421,18.64031682,66.92831284,2.107196785,12.37948889,31.97249225,43.62191273,51.92118326,27.68466543,22.31573505,11.60248041,12.56369009,2.763425798,53.81093911,3.008041271,86.93798576,53.25814846,0.354239757,8.940633931,1.633809838
Angola,AGO,47.14453499,26.48254013,20.72069931,6.130300045,3.322609901,4166.979833,0.943571561,7337.569822,4520.0,30.82316733,37.269,1.560282831,7.547056779,56.09830111,43.90169889,56.59174872,51.12074396,18.67839043,27.42822035,11.67180345,3.276144588,50.97470164,2.216373648,96.17574361,43.13051888,0.355604536,35.0,0.557803272
"Congo, Rep.",COG,41.27026268,,,,,3923.093509,9.947153143,6335.785752,3500.0,62.53644876,32.627,1.171865805,7.679694463,64.30746706,,73.59587316,20.36426415,8.548880757,47.86867769,25.76076745,2.562826461,55.7413352,2.721415896,79.40006635,,,,
Iraq,IRQ,40.76775013,,,,,7076.552265,7.628571185,15535.34598,7050.0,43.91100773,29.906,2.30042083,3.977189811,1.900361184,21.30707994,97.77878399,99.47363683,0.0,39.79921168,11.57040995,2.254139075,58.58053961,3.398533134,70.7051498,94.69591577,11.59775672,,7.27323781
Kenya,KEN,42.40570751,,,,,1315.802225,5.357125644,3021.427818,1240.0,6.212845886,75.624,2.126063354,26.1699503,6.28802755,48.72263415,55.37612789,31.932772,12.56396154,3.255771349,12.27708796,2.693743646,54.84997617,1.95128689,82.31548336,65.03449165,0.125396397,8.8,0.65668674
Mauritius,MUS,18.90170502,97.54029846,99.81185913,38.84852982,43.79940033,11097.58693,3.014762911,23837.46924,12900.0,8.805213206,59.0,0.320809586,3.153993847,18.86699507,42.36453202,99.86633136,95.50483772,0.13068192,0.003545788,12.04944089,0.090186811,70.69092186,10.95168917,41.46081455,145.4726338,19.45434516,55.4032403,32.66906498
Nigeria,NGA,44.21676371,56.20539856,53.51221085,,,2961.549422,6.671335393,5225.172934,2690.0,19.95485914,48.042,0.889428211,24.14330587,23.74578653,,75.83888335,41.80768804,19.05209648,9.197463072,13.15793479,2.564871955,53.56938646,2.743083338,86.6737828,91.85357742,0.041480149,33.6,0.053320104
Nicaragua,NIC,30.90433114,,,,,2049.851666,4.793318181,5293.870462,1890.0,15.45007722,41.24,0.654289188,15.42787374,29.14683397,,81.61223828,72.96939836,6.825229217,1.288859026,6.021180116,1.229759088,64.68715463,5.457992374,54.59018445,88.43373663,3.32469534,,3.495255215
Albania,ALB,17.3995641,95.08659363,95.65992737,59.7784996,73.3405304,3952.801215,2.218752232,11658.86606,4390.0,8.194588699,41.579,-2.505938185,19.84997587,28.80218978,43.12773723,94.75822287,99.18306692,0.0,1.591731888,17.36482909,-0.426007367,68.39780528,14.20263062,46.20352176,91.29301538,15.1407347,68.55039112,8.429920057
Armenia,ARM,20.83234483,,,,,3914.527854,7.500000002,12115.13929,3950.0,7.651454985,36.888,0.650891972,18.07203635,11.58159466,59.03407095,99.97118069,93.93674174,0.010683577,,,0.185983345,67.36477569,11.80287948,48.44552785,117.7357712,14.52486347,,14.42807762
Azerbaijan,AZE,22.62737458,,,21.44042969,22.62381935,4147.089716,0.153614647,14121.40694,4090.0,31.07219731,45.855,0.723697759,5.36626448,12.82050351,57.70454518,89.84894863,92.44169837,0.177024732,26.98555118,4.76450424,1.293447027,71.67595692,5.696668509,39.51680267,107.9339038,18.24285161,73.00000137,18.72954018
China,CHN,18.13436185,,,42.43072891,45.75696945,5618.132267,9.550832179,10299.87069,5050.0,49.84070672,45.741,-2.181280088,8.643491396,22.10759465,56.09673805,91.1813536,82.74794313,0.758538313,2.3143879,17.87297091,0.506311592,72.89924074,8.966397405,37.1756399,91.89962887,14.32580171,47.9,17.82338014
Algeria,DZA,27.66859366,,,32.20153046,38.56113052,4109.703442,1.3,11737.41616,3940.0,38.48690732,31.085,-0.209353464,8.770686355,0.811675498,17.38149,92.74518845,87.0935433,1.977114639,30.04012861,5.75663859,1.951463675,66.76538119,5.566025156,49.77821874,100.384679,3.08889162,18.2,8.798877164
Haiti,HTI,36.26740596,,,,,1389.119779,1.616915115,2903.359903,1390.0,-4.271104178,48.556,-0.590132645,17.81278974,13.27851959,66.76342525,62.20079017,27.15643914,25.93072444,0.677029404,4.473707646,1.532102807,59.25277119,4.479822846,68.76848417,40.20374454,,8.37,0.502546807
IDA only,IDX,40.55766771,44.00604,41.26212,10.10338974,8.398070335,1219.775623,-0.253354272,3455.286197,1209.294203,18.69689236,65.68341485,1.497475618,19.67100752,25.0753651,38.74649815,62.58850858,32.93336169,22.13965139,8.867291615,8.581767985,2.207462088,55.98627164,3.456060645,80.3775563,52.40419825,0.264656811,5.820758011,1.601524421
Israel,ISR,27.66987712,102.693222,103.7264786,67.0438385,77.19342804,40474.66813,3.555612725,38833.97343,37580.0,22.71359299,7.969,0.97914675,1.260969975,7.421441774,24.04343808,100.0000008,99.98356473,0.0,0.329848101,13.34759764,1.866052895,61.49417939,10.83594349,62.61702948,122.8208828,25.8958135,70.25031195,43.94401902
Kiribati,KIR,35.39716378,,,,,1670.824691,2.538071066,2417.767466,3010.0,,45.943,-0.247715329,28.6156452,1.456790123,41.97530864,72.11599867,42.38021216,35.33868572,0.055213896,4.732200952,1.426421878,61.07702289,3.525813328,63.72810878,18.5373992,0.648808972,11.5,5.561219761
"Korea, Dem. People's Rep.",PRK,22.18545928,,,30.34523964,,,,,,,39.443,0.050763371,,51.66647288,21.8420397,96.65020598,78.75000115,0.0,,,0.506081341,68.76824207,9.046298655,45.41596036,4.05294853,,0.0,4.782479266
Trinidad and Tobago,TTO,20.41957257,,,,,16683.39306,3.32322471,30528.89314,16460.0,,46.816,0.461667611,1.039343363,44.64522417,10.52631579,98.87517077,93.91521101,0.0,10.26450142,11.13393761,0.416814325,68.84547391,10.73495352,45.25287848,141.9293402,24.62148602,,22.98108491
Uganda,UGA,46.01588242,,,,,828.9941128,9.391655493,2249.741072,850.0,12.46619983,75.046,2.482637057,24.02821224,11.65918612,,55.85504921,19.78963715,4.675956061,,,3.269713347,51.99841796,1.985699615,92.31354613,60.53427508,0.075634539,,0.198452124
Belize,BLZ,34.18786982,78.31773376,79.4963913,24.32074928,30.29557037,5078.809944,1.76082496,7558.604656,4700.0,19.24817154,54.772,2.381104835,11.65044723,60.48566418,6.882946076,95.23855612,86.25785653,1.870521068,4.836407683,17.51834095,2.324130368,61.62662722,4.185502959,62.26722164,51.01272189,2.950591716,31.0,7.519230769
Euro area,EMU,15.02560197,108.6211,108.3687,75.15541077,81.55800629,37045.47826,2.594004441,45589.71215,35822.36885,24.95420797,23.87190053,-0.485535563,1.615797347,38.30731285,43.39847221,99.90270667,99.04830751,0.0,0.078273875,17.86163398,0.08857557,64.12210252,20.85229552,56.03607089,122.1606272,37.79395391,84.82611985,42.83763076
Gabon,GAB,36.82213923,,,,,7956.627816,0.842950946,15098.44541,6830.0,50.80508023,10.259,-1.068369066,5.554416266,91.36678698,,84.54578933,49.20330829,2.036995209,18.83700311,16.96426409,2.795874594,59.59324359,3.58461718,67.80431829,128.9816609,0.724856319,50.32012015,1.028417448
Heavily indebted poor countries (HIPC),HPC,42.85608219,41.39742,38.10805,8.877759933,7.347420216,945.0036949,5.814322437,2108.162391,892.8315756,16.45639149,67.08467111,2.158776566,25.08808826,28.68790678,37.25715524,59.24631386,27.47172805,20.24908318,7.867826696,9.659478071,2.783317707,54.11551367,3.028404135,85.40860088,73.2935371,0.555985133,20.99702672,0.743888213
Kyrgyz Republic,KGZ,32.6488402,,,,,1279.769783,4.024038626,4281.824074,1250.0,-13.47215082,64.056,1.776863672,12.83447316,6.549739312,54.95881126,91.69930522,97.89104384,0.0,,,2.075520173,62.62326617,4.727893633,59.68506798,,,,
Lebanon,LBN,25.57221984,,,,,7933.233249,3.811023284,14976.7806,7640.0,-5.26520697,11.075,-1.93909407,2.504358376,14.01075269,,92.6,99.06737938,0.0,0.001200948,20.05286569,-0.053940482,67.15448853,7.273291633,48.91038412,61.81650253,6.126277456,,12.86773527
Liechtenstein,LIE,,,,,,178864.8519,,,,,85.629,0.230638047,,41.875,,100.0,99.95,0.0,0.005293184,18.90014777,0.883698226,,,,104.0423458,40.65630584,93.8,49.5478421
Nepal,NPL,35.81657189,60.26435089,60.12377167,14.45016003,11.61579037,1155.142854,-2.088378695,4008.74658,1190.0,6.345472517,83.232,0.080713479,33.17937849,41.59072201,28.78269969,85.86199121,45.22110218,35.70224986,1.272073565,5.164342548,0.103647394,59.04303504,5.140393074,69.36798715,49.38563053,0.350043378,9.0,3.126863359
Middle East & North Africa (IDA & IBRD countries),TMN,31.01639097,77.4084,75.39607,38.11077881,38.70439911,4644.969214,-1.016176811,11593.93735,4109.676193,35.30550405,39.2333816,0.854863198,9.482001068,2.484817435,22.71941607,93.36554758,89.41700146,1.821514121,19.12431254,11.17112883,1.680156569,63.58118083,5.402428204,57.90180003,99.99112341,8.0263289,57.43250475,15.38237129
Andorra,AND,,,,,,38964.90448,0.34607189,,,,11.274,-0.010590416,,34.04255319,42.06382979,100.0000037,100.0000037,0.0,0.0,,0.179041785,,,,113.9573773,47.13126442,,51.40779342
Bosnia and Herzegovina,BIH,14.92118457,,,,,5092.554725,0.959511247,9976.459713,5010.0,-7.36781936,52.482,-1.919916485,6.369381022,42.50996094,43.14453125,96.15126178,95.33614883,0.0,1.061191162,16.75174491,-1.264728458,70.000378,15.07843743,42.8564076,100.5249735,19.56337748,60.25653543,22.00036855
France,FRA,18.425253,103.425827,104.2235565,61.51047897,68.3062973,40638.33525,1.949437623,35930.3144,43850.0,20.65505298,20.606,-0.775374197,1.55635616,30.59517091,52.536083,100.0,98.65238469,0.0,0.048920398,17.6455695,0.473706908,63.13889012,18.43585687,58.38099164,101.9183391,40.45422009,83.75,60.44999848
"Iran, Islamic Rep.",IRN,24.65465805,,,,,5585.525604,4.60341888,15235.70169,6500.0,43.40872384,24.609,-0.631238284,12.18187982,6.596103784,,97.35464541,90.19770214,,,,1.352289806,68.98681989,6.358522055,44.95522508,142.3903718,10.40378197,77.77083846,34.92159084
Least developed countries: UN classification,LDC,40.56018309,43.96917,41.19485,9.320790291,7.602069855,906.4127026,4.000402146,2224.718173,833.3754112,23.51310202,69.52231767,1.649001787,22.50539868,27.81810904,37.8044033,61.93444618,32.43066868,21.18987177,10.19207503,9.049820897,2.386909401,55.97737461,3.462442305,80.54839354,63.00180812,0.588697621,8.265038966,0.950865742
Malta,MLT,14.41226232,94.07424927,95.41233063,43.89136887,50.5539093,24921.60368,9.608132811,37455.07059,25230.0,33.9062555,5.721,0.225942378,1.069855256,1.09375,31.96875,100.0000027,99.96464806,0.0,0.0,14.98393292,1.404050276,68.06554484,17.52219284,46.91708888,130.6231829,33.55852738,68.9138,54.2838102
North America,NAC,19.0802505,98.02135,98.5818,86.37098694,99.90708923,61453.13406,-3.670536125,61947.28117,,,18.54012805,-0.149489379,1.22152476,36.27094842,25.51121113,99.34347519,99.73649615,0.0,0.728783106,15.66144391,0.763365512,66.51627227,14.40347723,50.35110341,108.4499321,31.15467724,74.42523105,40.89365284
South Sudan,SSD,41.32777069,,,,,1535.706892,5.493416395,3020.948005,,42.24275855,80.385,0.261261401,,11.32565515,45.15260353,40.95092717,15.84481734,60.12719512,,,1.182759371,55.319458,3.352771307,80.76822704,,,,
Togo,TGO,41.63757649,61.84572983,52.06328964,13.06132984,8.119879723,570.9099672,5.742868453,1397.332402,640.0,10.25622457,60.939,1.79418667,37.51484194,22.61426733,70.2334988,66.01351042,17.28824398,47.00893459,10.36850414,7.04132499,2.479331291,55.51219631,2.850227201,80.14059832,78.84556082,0.656623637,12.36022497,0.469066987
South Africa,ZAF,29.07948915,100.5111694,103.9680862,23.80195999,28.31438065,8007.476439,3.284168142,12172.41141,6990.0,20.57114069,33.645,-0.126111714,2.176019651,14.11510275,79.41785028,93.10863459,76.68318836,0.973660513,3.598190357,14.3327758,1.363703216,65.60250585,5.318005005,52.43320287,159.9306644,1.915495359,62.4,5.788707805
Switzerland,CHE,14.87249468,102.4874268,100.1749496,59.56298828,60.32978821,91254.03476,1.920445985,57987.50203,82280.0,36.42494322,26.282,1.054660953,0.619280783,31.68106715,38.438416,100.0,99.89987358,0.0,0.009808545,22.39318327,0.933155889,66.69663819,18.43086713,49.9325805,131.1359393,46.31990051,89.68614767,42.09370274
Eritrea,ERI,,,,,,,,,,,,,,10.57326733,75.16831683,,,,,,,,,,,,,
Ethiopia,ETH,42.17504323,34.93946838,34.24991989,,,566.9264029,10.25749296,1513.703236,550.0,20.53588308,81.84,2.311665346,44.33094275,15.63261905,32.31287375,42.0700672,7.488374296,31.57458485,12.19036608,10.79656753,2.756111616,54.37154756,3.453409216,83.91972458,41.96106195,0.474039598,13.85517556,0.883262711
Fiji,FJI,29.30610623,,,,,3652.535933,2.954672422,7914.100926,3650.0,12.69312403,42.753,-0.429336621,14.89369763,62.39846743,,94.26798782,93.43985322,0.17712923,1.350101264,10.78758794,0.062057001,65.68400477,5.009889003,52.24408244,107.4858365,1.262349701,35.2,8.112794706
United Kingdom,GBR,17.5508438,93.76583099,94.13259888,59.14593124,67.496521,41048.34966,1.722385904,44149.99998,42940.0,16.03113632,17.898,-0.800019956,0.644709763,12.88223866,71.30244286,99.99999695,99.11718667,0.0,1.150654897,14.51452607,0.781506562,65.64102679,16.80812942,52.34374887,120.5248128,32.15914381,85.37999855,51.9390117
Equatorial Guinea,GNQ,36.7792243,,,,,19394.08066,0.415066302,33696.21649,13230.0,56.2566787,29.917,2.386555336,1.294248772,89.07586453,10.12477718,,,,,,3.407619459,60.83935324,2.381422467,64.3672963,,,,
Grenada,GRD,23.24108797,111.7527008,110.7073212,95.62065887,102.5308533,7291.74167,0.764976824,11116.74789,7060.0,,64.131,0.605515518,4.832211185,52.05882353,23.52941176,95.62865044,91.49389213,3.54109589,0.0,9.092093025,0.643471646,67.17397057,9.584941468,48.86655348,109.2774569,18.02662433,53.81,24.66628345
Honduras,HND,34.47556604,49.48023987,53.53746033,19.92110062,23.06303978,2302.204411,3.840079971,4823.395396,2060.0,8.187092587,47.457,0.566192441,14.2196558,58.56771829,29.40387881,92.74751203,78.0073178,8.226491148,2.260907563,5.842559426,1.76927099,61.29030709,4.234126868,63.15795035,86.26001037,1.762608802,19.08,5.888378754
Lao PDR,LAO,35.16490729,49.03110123,45.33874893,17.6678791,15.87804031,2542.489769,6.247960008,7775.131876,2450.0,,63.71,0.46175086,16.19763155,71.9042461,,71.76251698,61.7690765,31.95529277,12.11278345,13.15667603,1.516012622,61.10830425,3.726788455,63.6438868,66.72325212,0.117588094,10.74767619,6.98266592
Low income,LIC,43.84223993,40.47123,35.70117,9.035989761,6.816020012,785.6338741,3.639410734,2248.777075,804.0332327,,69.17241587,2.204014716,27.3272555,21.39639946,38.741163,51.48194757,26.77969372,27.09623563,13.55691412,9.379250144,2.615567868,54.16696024,3.23428629,85.72599802,39.76628454,0.153771832,4.602083127,1.739718153
North Macedonia,MKD,17.52184694,,,,,5468.126225,3.629123513,13368.19071,5200.0,13.08300687,42.037,-0.463967635,8.470386518,39.71015067,50.11895321,97.5252827,95.96583261,0.200587693,0.849102083,16.4283118,0.084330529,70.72121562,11.75693744,41.40027264,106.7906819,13.5858512,56.7,20.36456682
Netherlands,NLD,15.701658,,,,,46007.85292,2.191713719,52288.41508,46900.0,30.69922932,9.365,-4.283237572,1.766532032,10.86308286,53.90555391,99.99999929,97.68577085,0.0,,,0.553470993,64.26352061,20.03482139,55.60927671,124.9790486,43.91638292,91.33333333,28.81258757
Papua New Guinea,PNG,35.48596536,,,,,2679.346579,6.578356323,3966.77071,2860.0,,87.022,2.046060941,19.26001935,79.68512697,2.627743674,44.56676215,19.14928738,15.93365015,10.04662811,7.280763229,1.953700073,61.00460922,3.509425418,63.9220432,,,,
Central Europe and the Baltics,CEB,15.23712681,101.7115,101.2212,62.53382874,73.42337036,14153.74762,2.991158825,24969.92529,13563.75914,24.85413571,37.85932754,-0.301418515,2.884986112,34.32355844,46.93262058,99.7971323,95.53817044,0.0,0.590127279,15.0780657,-0.136450277,65.8099374,18.95293578,51.99911407,122.7660611,26.51130177,78.72948708,18.92705921
Curacao,CUW,20.22581499,,,,,19457.53152,-1.73976542,25475.48966,19100.0,,10.346,2.009246911,0.249933002,0.157657658,,99.43524853,98.88445021,0.325661903,0.0,14.3526089,0.829929595,65.96885355,13.80533146,51.58624951,132.2219136,22.98326411,,41.25386747
Early-demographic dividend,EAR,28.56626985,74.8815,75.65375,31.64653969,33.19234085,3378.604105,4.298364173,7957.142497,3409.222764,27.19511651,54.45919457,0.531111302,9.646186417,22.8435833,,89.78381672,71.62594592,10.98833239,4.241018063,12.34660213,1.289165767,65.46431938,5.969410767,53.15051052,98.31113184,4.510423378,44.28911896,5.272022768
Spain,ESP,14.94496248,120.9332504,121.802269,80.0379715,88.74741364,28324.42934,-2.959441302,31720.12,29520.0,20.50084424,21.327,-0.721967135,2.373272994,37.10192046,54.04096983,100.0,99.90394867,0.0,0.066214183,15.7522287,0.355338396,67.72598007,17.32905745,47.65382641,111.6945012,23.71878361,67.08999939,42.24139117
Jordan,JOR,36.46593476,69.13018036,70.33334351,,,3910.346894,2.429358001,9189.189214,3720.0,3.628586212,10.0,-3.801544695,3.968444574,1.09822032,11.98468123,99.01953349,97.55303393,0.114264144,1.202610025,7.358691279,4.586585111,59.82320771,3.710857525,67.15922051,124.370646,3.944273844,46.2,4.210003826
Qatar,QAT,13.43386431,,,14.70129013,45.03147125,65907.94843,1.234872192,93154.23488,58830.0,60.70437763,1.055,-2.804977544,0.161318389,0.0,5.90078329,99.69150138,100.0,0.0,19.93349784,15.79301507,4.239755685,85.56762066,0.998515031,16.86665164,145.7868972,9.267376282,92.88482645,17.92435622
"Venezuela, RB",VEN,27.40422521,,,,,13825.35712,-1.488791251,16740.36824,11810.0,32.89557843,11.76,-1.565396775,,52.45961113,,93.86289557,95.5779092,3.023846459,,,-1.293638058,64.98478442,7.610990373,53.8821755,64.79291203,8.980955805,,19.17196235
Zimbabwe,ZWE,42.42885344,,,,,1352.162653,3.497159535,3421.898173,1410.0,37.27876151,67.496,1.977221279,8.745304229,45.80845289,41.87669639,65.45410818,38.71708617,25.83215724,5.531514109,8.769166232,1.754741003,54.69261242,2.878534144,82.84004136,86.83967351,1.120462817,16.36473996,2.424980534
Antigua and Barbuda,ATG,22.08109175,111.1960373,109.0700989,,,16673.4369,6.950416555,21535.33089,15880.0,31.52728579,73.762,2.26310734,1.633408459,19.95454545,20.45454545,,,,0.0,10.96530051,0.894078681,69.11908273,8.79982552,44.6783573,,,,
"Korea, Rep.",KOR,13.78171927,100.0077972,99.65579987,94.33984375,81.9552536,31846.21823,2.039348227,42727.95076,33790.0,34.29187689,18.077,0.840909322,2.209199955,65.61374627,18.06873135,99.47274641,99.96133845,0.0,0.018425354,18.61877025,0.527288497,73.35891973,12.859361,36.31607502,115.9612246,39.40023682,89.8962558,56.83003787
Mexico,MEX,28.35494824,93.3275528,95.947052,30.30003929,29.95729065,10203.4213,3.66300793,16520.25922,9310.0,23.41622224,21.007,-0.112142909,3.132089402,34.18472183,52.16543635,97.15725463,87.45178303,3.132406947,5.538771886,16.24446122,1.315557607,65.1952915,6.449760253,53.38531012,89.83415248,10.72808009,43.46,15.64754122
Oman,OMN,22.04050298,105.7908325,102.5867004,38.1280098,54.81871033,20876.58504,2.658868673,43425.16851,17010.0,51.23921859,24.839,3.447537758,1.424238417,0.009693053,4.663004847,91.11489335,99.31956404,0.0,23.38044638,13.63147414,4.08380597,75.61477588,2.344721136,32.24930268,148.8216278,7.478169402,80.18563573,10.92507214
Portugal,PRT,14.08675304,118.7691803,116.9088974,61.75632858,65.59140778,19978.40121,2.019485396,31607.75424,19930.0,16.97994214,39.433,-1.471671819,1.937081961,35.50605961,39.89704116,99.90468984,99.44206833,0.0,0.135141094,17.71695308,-0.414141102,65.15130516,20.7619418,53.48887488,112.9851121,30.30557125,68.63286148,45.16626607
Paraguay,PRY,29.17933588,,,,,4949.7497,-1.0,13012.8757,5140.0,23.35497156,39.526,0.66325718,12.09856596,45.08732444,54.73949157,99.59110869,91.77642662,0.622405435,1.238606291,6.582616781,1.265238609,64.19983942,6.620824696,55.76362692,110.1809661,5.356969473,68.51762842,3.870405795
Sao Tome and Principe,STP,42.51994996,,,,,1813.807434,3.848980918,3952.945394,1700.0,,27.197,-1.13649399,11.11538307,55.35416667,45.83333333,78.18506249,44.80527366,45.36095998,2.235066732,26.18191605,1.887561482,54.55437193,2.925678109,83.30365596,77.05612525,0.737816783,31.9,2.511041189
United States,USA,19.41624242,96.92453766,97.51304626,88.6268692,102.5993881,56863.3715,3.07551465,56863.3715,56740.0,18.27577935,18.881,-0.188989155,1.158828949,33.80953318,44.06499907,99.35588121,99.78386084,0.0,0.633023521,15.5891828,0.73336152,66.31605798,14.2676996,50.79303992,111.5562164,30.69286505,73.0,40.32184536
World,WLD,26.21559437,75.41965,74.99799,36.81166077,38.90523911,10292.60017,2.605572193,15599.36547,10414.61948,24.86068027,46.99415642,0.223031071,3.6849047,30.79467396,36.87101699,88.1862846,72.75047539,10.13963984,1.710970537,16.11536144,1.168739776,65.56137278,8.223032848,54.00047044,97.42053169,11.51985698,40.90827053,14.18724439
Australia,AUS,19.06503741,150.3114777,141.1653748,113.1421585,133.3377686,68150.10704,2.584897702,45902.04795,66020.0,26.59976164,14.818,0.755635553,2.197568265,16.86293167,48.99209872,99.9699336,99.99115238,0.0,5.056164952,18.0581236,1.684523108,65.5309417,15.40402089,52.5996706,108.4417819,32.22339821,86.54504885,34.41175825
Botswana,BWA,34.90823001,,,,,6434.812485,8.563630792,13352.28793,5610.0,31.09725792,37.588,-2.143250911,2.488037862,29.00446421,45.63195878,86.45559051,71.68014195,13.18191665,1.347993342,22.33473744,1.12138806,61.47483598,3.616934006,62.66816515,157.4163123,1.046763518,30.0,8.444167118
St. Lucia,LCA,21.67951723,89.47303772,88.82124329,10.01904964,13.75148964,11357.82657,2.639462354,15627.78683,10700.0,,81.539,0.467457231,2.627912422,34.04918033,17.37704918,94.24808366,83.21779251,6.65082199,0.016416211,17.12511004,0.633747351,69.5453053,8.775177474,43.79146148,122.2784552,13.91087259,34.82,20.85640207
Mali,MLI,47.94747114,41.81766891,36.66656113,6.427229881,3.75999999,751.4728866,6.171800024,2032.655872,800.0,5.208675102,56.864,1.633883113,37.32886108,10.89666363,,71.09585561,33.9728243,10.07720255,8.262523799,8.063986095,2.90104517,49.43725336,2.615275491,102.2766096,120.0580321,0.017684048,3.5,0.768164872
Singapore,SGP,12.91274509,,,,,65640.70795,1.345217486,102573.4018,58390.0,54.05607339,0.0,,0.034590983,23.58984485,0.930888575,100.0,100.0,0.0,0.000490477,14.54713471,1.298440178,78.36625208,8.721002833,27.60596377,146.6584963,26.67571059,79.02923586,36.13527228
Eswatini,SWZ,39.76491909,69.57962799,67.61157227,,,4168.489518,3.793754968,7771.330751,3460.0,4.534356368,76.375,0.748951644,8.427754751,28.71686047,71.04651163,64.01398627,58.00843643,11.08286895,3.746150276,16.03205429,0.674567033,56.42673689,3.808344019,77.22104088,74.58620869,0.317709453,20.78178258,4.221764719
Africa Western and Central,AFW,44.21310237,,,,,2123.392433,5.831383066,3944.956892,1927.136758,20.70110233,57.73533661,1.650510072,22.03166688,20.58605538,39.34968328,61.05913968,28.15050612,28.24534167,15.05866066,11.5352463,2.787372535,52.99342289,2.793474737,89.05111398,53.13423145,0.107399387,7.242071934,0.960690799
Belgium,BEL,16.93807273,157.7947693,168.3282166,71.1920166,80.14379883,47554.74631,1.787920078,52662.53293,46060.0,25.2226198,2.302,-0.719949467,0.64803422,22.77926024,44.11162483,99.99999711,99.48611998,0.0,0.018639188,19.11929168,0.620163579,65.46890953,17.59301774,52.74426339,111.077829,33.3052753,80.71999055,41.80994425
Chile,CHL,21.72858378,90.46907806,91.85565948,72.2767868,75.75653839,15842.93648,4.045004298,22439.27325,15160.0,25.05103833,12.754,0.532904371,3.381868051,23.19705406,21.22437232,98.56782122,97.56563455,0.946879429,12.11225463,13.79073864,0.99751484,68.70431883,9.567097392,45.55126359,129.4870432,11.67049717,52.24960729,19.55545384
Costa Rica,CRI,21.0786358,141.3639832,146.6446838,57.67481995,63.61806107,10847.16967,3.542109878,16067.33077,10350.0,16.7577418,26.054,-2.8759344,5.130841914,56.8729338,35.48766157,99.79752731,97.75378868,0.15347618,0.753766206,5.704956886,0.957865009,69.04092888,9.880435323,44.84162022,169.3935546,17.9241816,81.20259644,12.68537418
Gibraltar,GIB,,92.89405823,90.55944061,,,,,,,,0.0,,,,,100.0,100.0,0.0,,,-0.026697913,,,,120.2842646,57.8528827,,50.34865434
Middle East & North Africa (excluding high income),MNA,31.12203514,77.23367,75.20989,38.7249794,38.85538864,3924.979736,1.036236487,10620.38928,4161.980242,25.76954048,39.05811287,0.857336323,9.467975692,2.484259796,22.73794951,93.02666676,89.03679603,2.076236039,15.00912845,11.48605654,1.699849231,63.62063755,5.257327315,57.87723573,101.5578505,7.118521846,50.87472175,14.71108837
Sierra Leone,SLE,41.91392981,39.05757904,36.5293808,,,714.6997957,4.556772366,1787.646837,700.0,-7.976592538,59.568,1.544505968,51.79252867,36.75888058,54.71044611,57.84746516,14.89637314,18.73473622,10.57136024,5.618139613,2.181428721,55.09827642,2.987793774,81.49389184,78.87713099,,6.344421603,0.237035748
IBRD only,IBD,24.14155458,82.87645,83.62617,39.93444824,42.70510101,6415.154649,4.526229311,13346.00806,6205.174839,31.3324226,48.08440624,-0.304405116,7.92593708,34.10842334,36.70967747,91.73819689,77.10420138,10.03105657,2.850184948,15.10884878,0.957600085,68.2431413,7.615304119,46.98520309,100.1674819,10.07456912,39.14511334,11.53487504
Iceland,ISL,19.83232011,117.9799423,117.3448563,73.1032486,95.70391846,54576.74481,1.687215018,45996.96875,48090.0,23.5962616,6.227,1.740651038,3.782246457,0.492568579,18.67331671,99.99999943,98.78164877,0.0,0.000190425,17.05534925,2.678142769,65.37258734,14.79509256,52.96921282,122.1696222,40.9811917,99.01095399,37.11617906
"Macao SAR, China",MAC,14.01947084,101.0366898,100.9793701,100.084671,115.8118362,81044.88998,9.982505239,126183.6761,69980.0,65.6995896,0.0,,,,,100.0,100.0,0.0,0.000348657,,1.385627937,74.76879357,11.21173559,33.74556754,,,86.46792571,
West Bank and Gaza,PSE,38.3611485,,,,,3562.330943,1.227077378,6469.909098,4190.0,-10.88003637,25.137,1.434868654,7.598682994,1.523255827,46.64784175,97.88039722,98.57792609,0.140717988,,,2.486549938,58.4228608,3.215990704,71.16588334,83.65851115,7.312678406,,9.140269737
Bangladesh,BGD,30.87514839,55.20996857,58.82461166,13.80099964,11.55667019,781.1535777,5.571788188,2439.069627,800.0,20.81002385,61.823,-0.238219997,12.64514989,14.46877161,,96.69158904,42.1145323,5.30484137,1.597889172,7.32725808,1.154006105,64.17373515,4.951116461,55.82699048,64.35516997,0.397641178,5.0,0.636789705
"Bahamas, The",BHS,26.88382891,89.35462952,91.15975952,,,28784.02449,-2.678979525,31873.01085,28440.0,23.80682033,16.975,0.425578157,0.678078037,50.93506494,1.398601399,98.67313887,92.83827663,0.527619224,0.015294778,7.499374497,1.514784775,67.00249618,6.11367491,49.24815824,120.6892957,6.959446896,43.0,36.43243121
Bolivia,BOL,31.98344352,91.42639923,90.51051331,,,3552.068144,2.21670564,9093.43166,3520.0,13.41222876,32.685,0.259834486,9.812161915,48.61302871,34.75583864,91.06696927,58.45982722,14.16976598,3.324658637,9.995770959,1.480195967,61.11593252,6.900623959,63.62346658,91.60973889,2.606905809,39.6975146,7.862224653
Cabo Verde,CPV,30.63578167,96.65943146,103.5921021,22.94643974,27.20809937,3447.4831,1.081918279,5818.903059,3440.0,17.77998993,35.7,-0.123767674,8.737394762,10.97270471,19.60297767,84.29381293,66.45232114,26.61315158,0.572546566,14.4278808,1.27811404,64.61930481,4.744913512,54.75273903,97.59842735,4.143054785,37.5,12.93156006
East Asia & Pacific,EAS,20.10687948,84.37353,84.8772,43.76805878,46.76958847,10467.854,4.765835172,16337.58304,10245.0657,34.27606566,40.94759014,-1.453547975,4.473328673,27.07977952,47.42440269,91.70285068,83.82942482,2.803409272,1.179666091,18.83067962,0.678184567,70.38860302,9.504517502,42.49122906,103.6301573,16.48938532,50.38517306,16.76549866
"Micronesia, Fed. Sts.",FSM,34.46022238,,,,,3585.423202,1.20028899,3613.007696,4010.0,,77.601,1.370620596,24.90262197,91.77428571,31.42857143,87.70998903,75.54827146,9.5,0.02804107,7.043862647,1.017541503,62.29594473,3.24383289,60.52409259,29.86718466,,25.974423,8.037816011
Latin America & Caribbean (excluding high income),LAC,27.38756185,89.50324,92.99759,42.76535034,48.16582108,9775.879638,1.425340547,14778.70864,9627.849184,18.98342594,20.86822311,-0.282952381,4.603439982,48.22138061,35.75124375,94.5259024,81.65915586,4.948097817,5.428299649,10.67621406,1.122190277,65.70187369,6.910564459,52.5381416,105.1771122,7.96149026,38.66554091,17.50049259
Latvia,LVA,14.55507377,114.7768097,112.9356766,69.07659912,83.75312042,15713.53697,1.073634087,23803.8094,15330.0,21.1329832,32.048,-1.026070018,3.542450641,54.51522369,30.12552301,98.42183139,90.83323645,0.0,1.047495292,24.29280528,-1.071034803,66.42041862,19.02450761,50.55606298,125.0882048,24.25478873,75.2344,20.68503152
Marshall Islands,MHL,,66.36650848,68.80641937,,,3181.6247,-2.295210414,3221.194657,3480.0,-29.76507499,22.206,-0.999175673,,52.22222222,,88.34252362,83.03549089,10.25399202,0.0,6.595249093,0.455390878,,,,26.98514946,1.740977385,19.2824418,
Pre-demographic dividend,PRE,44.39843934,41.88332,37.43847,8.49559021,6.638669968,1449.099681,2.155079404,3586.869781,1372.764919,21.69350434,58.77309898,1.845418805,17.65190422,26.22196769,40.67133262,60.08679239,32.62562909,21.15712967,10.54238945,11.34098086,2.899002081,52.89915518,2.702405481,89.37055535,71.55381153,0.145360122,14.43759511,0.730530504
Turks and Caicos Islands,TCA,,,,,,23879.92665,-26.80000429,22281.92215,,,9.332,-2.442627388,0.643038814,11.07368421,1.052631579,94.31818182,87.98863636,1.604545455,0.004487994,10.9800794,1.5148103,,,,,,,
Europe & Central Asia (IDA & IBRD countries),TEC,19.40367867,92.50629,91.476,60.62157059,65.20583344,8008.230261,1.390649631,20003.09098,9251.920948,26.12306083,33.99577506,0.091350282,5.119906296,39.24110323,28.22263505,95.50281483,92.15071585,0.082570438,10.16954055,12.19878855,0.506196846,69.16719057,11.42913076,44.74891769,123.3580531,12.15875778,50.07972518,23.46057737
Thailand,THA,16.82353621,115.1526566,113.3554764,,,5993.305516,3.435157717,16616.195,5700.0,33.12536235,53.807,-0.926765025,11.32221534,39.27616512,43.27741784,99.96483315,98.42052549,0.0,1.631885026,17.76478913,0.283525943,70.77021345,12.40625033,41.30238657,186.1585875,14.51882873,66.65241946,7.777313804
Turkmenistan,TKM,30.75829056,89.67060852,88.8311615,14.22867012,12.84597969,6675.178055,11.09999996,12057.18224,5560.0,78.98103045,51.509,0.952863997,11.34054256,8.782159045,72.35120124,99.79292451,99.00213719,0.0,,,1.546575911,64.64928412,4.592425324,54.68076317,,,,
Samoa,WSM,38.6537127,93.25814056,98.0178833,,,3933.459357,4.173393458,5655.137396,3520.0,,81.757,0.648818671,9.76989144,57.4664311,26.74911661,91.54020945,96.42890313,0.127569631,0.449301362,11.7130605,0.530860672,56.75431156,4.591975737,76.19780817,77.62510602,1.114966458,29.41173011,4.975454288
Bulgaria,BGR,14.27373568,102.2722702,100.5634995,70.30153656,79.11971283,7655.129708,0.325769436,16588.93335,7590.0,20.6369019,26.349,-1.843022323,4.522734187,35.13080324,45.84561533,99.19632731,85.98304634,0.0,0.65940609,14.84898568,-0.638069468,65.70743309,20.01883123,52.18977143,127.70783,22.42498723,56.65625161,22.98525739
Europe & Central Asia,ECS,17.78787378,104.4761,104.0955,66.12153625,70.95831299,24791.4491,1.587405125,36813.32564,25212.52103,25.19725448,28.17123903,-0.187040961,1.997897802,38.44609482,29.1760662,97.94902339,96.22467676,0.030005531,1.143347451,16.66193358,0.476863039,66.62320845,15.58891777,50.28218366,124.3710228,24.83456495,70.01676905,33.00333111
European Union,EUU,15.13474056,110.0867,110.1158,70.98667908,78.92343903,31164.59504,2.006648752,40574.01896,32170.71551,24.83713056,26.64311176,-0.557551626,1.707821912,39.38070518,42.12809865,99.90008185,98.34034791,0.0,0.174182378,17.51029596,0.062970571,64.40515213,20.46010731,55.35844228,122.0210702,35.59380474,83.84421314,37.21966189
Liberia,LBR,42.64535227,,,,,621.8929536,-2.278245125,1488.201471,580.0,-31.94540361,49.746,1.660654848,37.2421843,80.34136213,19.65863787,71.38551577,16.71216861,43.28689411,29.1849306,23.76731293,2.688019985,54.12178044,3.232867284,84.76846625,60.04177167,0.119576286,3.2,0.258925028
Late-demographic dividend,LTE,18.93865181,91.02042,91.83424,52.90037155,58.94675827,8547.817337,5.216418539,14218.96799,8273.557227,36.95784215,43.76209257,-1.498342544,6.777151672,39.35791533,34.57744257,95.1432371,91.10388013,0.530901986,3.400801379,15.46873234,0.465262251,69.87705622,11.18429197,43.22818531,126.1738896,25.70322058,68.10860294,13.76737801
Madagascar,MDG,40.66815059,36.52693176,37.06354904,5.350490093,5.214149952,526.2245722,4.4,1686.979946,510.0,15.77221757,62.139,1.583990177,23.21152681,21.38712616,,51.58697984,11.52874444,42.12066416,4.771364184,9.89874709,2.669517227,56.34513228,2.986717126,77.47762043,40.57034123,0.103612351,15.0,0.262909059
Mozambique,MOZ,45.42015417,33.56938934,31.94549942,6.659150124,5.583680153,461.4150941,3.741317593,1283.65987,470.0,10.62558626,66.122,2.018226996,23.93493466,48.50889901,51.49110099,51.17617521,29.30170153,30.3410581,12.98765582,19.33371533,2.834746761,51.67990521,2.899940618,93.49881362,74.45799316,0.157421777,6.5,0.330197446
Post-demographic dividend,PST,16.48373472,105.1262,105.0847,76.62315369,84.46556854,40618.92509,2.16738818,44151.77017,42563.67048,22.16257868,19.93601869,-0.763288807,1.402381066,31.90524723,34.65154088,99.21725658,99.17346675,0.0079239,0.785802408,17.19894886,0.439423757,66.29469274,17.22157254,51.08929774,112.9298849,29.92806584,75.74608682,45.18667631
Russian Federation,RUS,14.92728141,,,,,11287.35528,2.80724541,28681.78446,10250.0,31.92367033,25.567,-0.56304538,3.394254979,49.78433608,13.15843626,96.07661235,86.82143109,0.0,15.54978944,10.45511904,0.044895788,71.96635035,13.10636824,38.95382931,165.6610167,10.94234698,43.0,31.30475068
Rwanda,RWA,39.76603218,44.31903839,47.04848099,6.235390186,5.682020187,744.7607488,5.970744298,1882.37238,740.0,7.456708213,83.066,2.584041187,24.32793451,10.74179165,73.12201054,60.38192724,68.8599242,1.967285374,3.182433948,12.93801165,2.607313746,57.20571476,3.028253062,74.80771334,76.49153596,0.070365369,26.0,0.090227648
Solomon Islands,SLB,40.42745198,,,,,1938.891187,7.2720469,2324.073672,1620.0,9.198554157,78.567,2.120225539,,90.32097178,3.965702036,68.54479789,32.75394007,46.64297978,14.35352856,10.09874455,2.66748791,56.02497748,3.54757054,78.49181651,67.24999112,0.264594681,11.00090227,1.195438446
Slovak Republic,SVK,15.55352897,,,,,19273.25395,2.511588141,32557.19078,19200.0,23.67143288,46.24,0.018780273,2.18287118,40.05615641,,99.78769858,97.53262546,0.0,,,0.085769476,67.74733581,16.69913522,47.60727487,133.5198718,31.16616437,89.92090413,11.28550187
Tajikistan,TJK,35.61151593,85.60150909,80.10127258,22.23650932,15.23598003,807.1025861,6.89999962,3114.895558,1110.0,8.54293552,73.455,2.244941166,23.32681656,2.963132324,33.93112318,70.80222587,93.82731,0.678246375,1.708409514,16.00603546,2.234721208,61.18731902,3.201165052,63.43256266,82.1564376,0.065215894,13.03,4.936661336
Tonga,TON,35.41575821,,,,,4336.239603,1.171888256,5774.169999,4440.0,,76.893,1.28133818,,12.43055556,,98.65836339,93.0929125,0.01725762,0.040571636,8.562651224,1.166674214,58.63058035,5.953661444,70.55994447,104.5941258,2.440962431,,14.24169307
Austria,AUT,14.23091937,100.4552078,98.32810211,85.05713654,92.46150208,51453.14702,2.580120733,57050.35135,49030.0,28.74653225,41.485,-0.079423693,1.085623332,47.20746486,,99.99999723,99.97290685,0.0,0.127273078,18.11355131,0.694621104,66.81250731,18.95657332,49.6725857,123.1192958,28.47197491,87.93558659,42.0775698
Benin,BEN,41.94457734,,,,,1036.534594,2.114064726,2364.119636,1080.0,10.32133115,52.688,1.707656313,28.08726564,28.69058177,35.03015254,65.41412299,16.96288434,51.57581613,,,2.692373813,54.77695658,3.278466082,82.55851512,91.8972796,0.247302692,,0.267140689
Canada,CAN,15.99148087,110.3565292,110.8576202,64.78695679,74.48036957,45129.35644,3.039880225,48317.09658,42900.0,21.32043626,18.589,1.084928031,,38.70376294,6.491374243,99.22922139,99.25507123,0.0,0.334893277,17.50936522,0.746339478,67.95488432,16.05363481,47.15645579,82.61933463,36.40462417,90.0,43.33530798
East Asia & Pacific (excluding high income),EAP,20.98236473,82.35638,82.9418,38.35057831,41.18753815,5890.471604,7.200196889,10953.63579,5705.130487,44.27340806,46.31871185,-1.389098521,8.910956546,30.28620601,48.91096914,90.2635895,80.43895245,3.402057194,2.787580735,17.63572268,0.730571351,71.03764355,7.979991721,41.06685619,100.430022,11.18438597,41.66985869,14.52680286
Greece,GRC,15.05045812,103.1835785,102.1645279,109.1592636,112.5312271,21915.19132,-7.082353942,24912.18772,23170.0,7.548022795,21.613,-1.981347927,3.520530984,30.26997673,47.60279286,99.94348249,98.66462097,0.093674007,0.357096766,18.38381799,-0.147951277,65.55250913,19.39703275,52.54946054,111.9946119,22.75615498,51.64999517,53.05118746
High income,HIC,16.72302801,105.9662,106.0034,75.03256989,83.09548187,42057.99465,1.280122036,42308.65054,42567.09199,21.95529804,20.03759454,-0.686534256,1.315818591,29.00814527,35.49092202,99.55371938,99.39359171,0.006225968,0.96619333,16.86160976,0.583995864,66.29265158,16.98432041,51.30911034,123.2121745,31.33831879,79.9142433,41.78855635
Myanmar,MMR,28.30694864,51.78527069,52.31130981,,,1121.942049,8.426001025,4016.315686,1120.0,33.7028376,70.543,0.579381337,29.53372536,46.81182091,19.27328964,71.63562183,70.77458522,7.930276782,7.790661134,3.1909146,0.822704165,66.64032304,5.05272832,50.05929804,55.52579278,,11.52,1.007619926
Malawi,MWI,45.08801662,40.77254105,38.90274048,,,391.5617052,1.885799507,1034.019743,460.0,,83.063,2.373635867,22.00283339,24.66801018,59.92787442,66.15495914,25.16876246,7.090565403,8.855925673,9.25602205,2.759412255,52.27595464,2.636028742,91.29253825,39.21521754,0.034965029,7.6,0.086364517
Peru,PER,29.69601068,93.89932251,94.18895721,,,5082.353706,8.332459107,9730.421104,4410.0,27.74002841,23.57,0.014251601,6.827997236,57.85140625,18.76796875,87.91951172,72.21128891,10.18307836,12.62383587,4.910636775,0.811896398,63.90564099,6.398348323,56.48071253,110.9248984,4.14076624,36.01,11.10719204
Palau,PLW,,,,,,15657.17715,4.058885124,18887.15211,17810.0,-3.61387655,25.183,-4.624851833,3.814824973,88.17391304,9.347826087,99.57921231,97.46341639,0.0,0.0,8.135134315,-0.638726983,,,,97.22789116,5.090702948,,41.52494331
Latin America & the Caribbean (IDA & IBRD countries),TLA,26.64163457,94.15583,97.08402,45.76277161,51.58755875,10123.72578,2.845085527,14530.82081,9770.511833,21.46203953,19.35576732,-0.309251698,4.648775277,46.83351203,35.45232983,95.3542099,84.18981565,4.077721045,5.508855229,10.77171681,1.108577757,66.17404721,7.184318218,51.40659223,118.0592166,9.399125603,46.41458086,18.01199244
Uruguay,URY,21.28621153,110.9885635,,60.7204895,,18690.89384,1.627753973,23009.87423,15920.0,21.31826544,4.856,-1.663419808,6.696500143,11.12444292,80.50965604,98.99355776,96.32263939,0.659959919,1.415509044,9.565451126,0.324100506,64.33033882,14.38344965,55.44764514,161.658505,24.71039008,61.46,31.84600445
St. Vincent and the Grenadines,VCT,22.19388908,,,,,7213.025857,1.000357879,12245.12634,6990.0,,50.644,-0.726549377,6.360822766,73.17948718,17.94871795,,,,0.021437501,17.609221,0.346915924,68.06553997,9.740570943,46.91667995,92.86637912,20.33746575,,11.69555742
"Egypt, Arab Rep.",EGY,33.79872071,87.91114044,87.30088043,,,3019.092283,5.557683888,12260.72054,2690.0,9.973506698,57.054,2.309433522,11.27276527,0.059020543,3.712893666,99.32633211,96.71394067,0.0,7.108793011,5.869134141,2.033272399,60.97149994,5.229779346,64.01105403,95.28659682,6.730521069,46.92433677,7.991260389
Sudan,SDN,39.7993672,,,,,1103.000026,4.674112518,4327.782553,1310.0,5.484826973,66.106,2.097574992,32.25833798,10.3873888,36.87031418,60.4486756,36.89208291,24.00786171,,,2.391071774,56.52651151,3.674121296,76.90814042,80.26408427,0.065638508,,0.295120146
Small states,SST,29.72915494,71.24829,72.65487,19.23139954,23.18880081,12064.70274,0.960781995,20480.9154,11217.08123,37.00086898,41.72066192,0.666794922,2.70730227,39.92745391,32.59148937,86.46712299,70.13514567,9.526776351,16.53007393,13.67243826,1.741546631,64.52515383,5.745691228,57.26322832,113.583117,7.212514211,40.87211907,12.05991177
Cameroon,CMR,43.06350297,60.05815887,55.4430809,12.47752953,11.68883038,1354.54555,4.543265016,2855.446023,1370.0,18.62098889,43.032,1.213252719,14.50766354,43.14797656,,64.33898773,42.99559074,6.006202638,5.663604618,12.25996644,2.660502066,54.204904,2.731593032,84.48515166,78.22900593,1.52458664,20.6,4.3929148
Jamaica,JAM,23.5312194,85.35462952,86.13379669,,,4704.04776,-1.457147209,7900.199479,4390.0,1.956746338,45.416,0.059062969,5.972485965,52.96934441,40.99722992,90.99735041,86.63160182,0.796356544,0.140914731,7.414352575,0.456356507,67.54638893,8.922391673,48.04642837,102.5640043,10.78279905,,13.50102891
St. Kitts and Nevis,KNA,,,,,,19276.52127,2.924450454,26523.52663,18520.0,,68.678,1.051258039,1.29941631,42.30769231,21.92307692,98.61185413,94.95359452,1.319966091,0.0,11.83802668,0.785225662,,,,147.7144779,56.24363532,80.71019081,33.22701508
South Asia,SAS,30.66031111,63.80551,63.47789,20.65300941,19.82877922,1496.00791,6.992835859,4934.334508,1480.772048,28.29895962,65.11770687,0.454873789,18.23842686,18.81855363,,87.68757661,51.0624849,29.50839818,3.152944806,9.808018147,1.307867431,64.14310195,5.196586938,56.21488636,69.77494808,1.10556971,11.31699486,2.354669034
Serbia,SRB,17.06438441,93.63105011,94.82212067,51.59376907,58.84334946,6292.543629,2.101163847,16611.01686,5570.0,12.99063723,44.058,-0.831320357,6.014153757,31.12119826,39.09215641,91.87120906,96.71568697,0.063620846,3.228724939,15.68475273,-0.789468998,67.88677843,15.04883716,47.30408102,141.0434365,13.44227351,42.2,41.97815535
Cote d'Ivoire,CIV,41.71470319,54.61299133,48.31087112,,,1243.273487,10.7065041,2626.068383,1230.0,20.27302577,51.828,1.626929492,22.1902512,11.76040252,65.09433962,70.9427311,33.86906503,25.70087499,2.482895446,3.307956861,2.549387092,55.41217747,2.873119343,80.46574119,145.340692,0.842737656,36.28895457,1.05661165
Cuba,CUB,16.21123899,101.1372375,101.9491577,41.37902069,51.0078392,6497.314764,3.014900289,,6280.0,13.7310127,23.403,-0.400160233,3.614289268,27.54603533,60.70274333,96.54950123,90.93165485,0.381800186,1.057296029,,-0.009780662,68.60254959,15.18621142,45.76718152,47.39153727,0.871730745,62.67892362,12.20811996
Guyana,GUY,30.32971809,,,,,4908.567014,5.339206232,9987.42258,4820.0,,73.462,0.422319475,22.75803229,93.69037338,6.309626619,94.09735011,84.5179622,0.723191677,13.66871257,2.564063232,0.514040833,64.41296746,5.257314447,55.24837704,73.09969247,4.85983524,31.0,20.65166571
Kuwait,KWT,22.05550401,95.06651306,97.10504913,,,29759.46744,-4.712106209,50855.55286,31400.0,32.28342348,0.0,,0.447338716,0.350729517,8.417508418,100.0,100.0,0.0,52.96181852,5.468894552,5.165481563,75.91859178,2.025904214,31.72001883,181.7730157,1.332813064,75.46,14.40572418
Lithuania,LTU,15.47793052,,,,,16843.69965,4.282596951,33761.87124,15270.0,21.51231221,33.259,-2.210277778,3.49019426,34.67785685,44.76976099,98.01334724,93.93707198,0.0,,,0.020147304,63.90408954,20.61797994,56.48452793,174.2073307,29.27000036,83.0555907,11.83224852
Norway,NOR,17.9623165,114.6460419,113.1611023,77.9589386,92.93424988,97019.18275,1.969544301,65892.68928,104370.0,37.1109846,20.898,-0.118353511,1.568602331,33.13401452,2.754049348,100.0000012,98.05672816,0.0,5.333785795,17.09944379,0.995084737,65.73465009,16.3030334,52.12675473,109.905197,39.43316674,96.81032569,18.16422672
Pakistan,PAK,35.93666501,39.60364914,34.89731979,9.225899696,8.589209557,1368.426961,5.526735845,4410.006565,1310.0,8.671346932,64.798,1.842927807,25.12918271,5.268659195,46.61685347,89.45498234,59.20125322,14.77854935,1.246643048,4.964106605,2.088551827,59.75335662,4.309978364,67.35461573,63.13069982,0.899175801,11.0,1.773882493
Senegal,SEN,43.23633511,,,11.51301003,8.644820213,1430.148259,4.402406836,3503.617548,1430.0,17.72328785,54.981,2.04535628,13.72488038,43.36030748,46.06035423,81.1334504,53.96076061,13.10991104,3.233063603,9.382587031,2.800576602,53.68914588,3.074519005,86.25739701,102.1986069,0.725030327,29.64312367,1.884877805
Zambia,ZMB,47.28911191,,,,,1305.002214,1.441784548,3617.213056,1430.0,40.06670017,57.562,2.084689519,6.22847199,61.29595502,32.06392338,57.10021491,27.30968417,19.12900567,18.66471896,17.13915081,2.91465496,50.62838528,2.082502816,97.51765662,40.03378954,0.075459445,10.0,0.870117148
Denmark,DNK,17.56836645,123.4057922,124.2529373,79.10832214,93.11795044,61753.64713,1.336777767,44403.38484,61990.0,25.5214509,12.006,-0.636293607,1.328104617,15.6875,,99.99999782,99.5972302,0.0,1.677861434,17.15721431,0.376272243,64.94189973,17.48973383,53.98379577,129.9747296,38.84481696,92.26001172,40.97928622
Finland,FIN,15.86512222,,,,,50260.29986,-0.364908157,41757.40219,49390.0,20.97130456,14.725,-0.051643704,2.310613375,73.73564542,7.485768813,100.0000033,99.44792539,0.0,,,0.164906516,61.58039027,22.5544875,62.38934441,128.5031548,33.31696964,92.17027106,4.060844078
Guinea,GIN,45.03375061,,,,,787.2385644,3.696541843,1804.543283,740.0,-0.578366429,66.322,1.827580313,17.48494873,26.73368061,58.19632102,63.61538954,23.59705342,15.59742902,14.1138586,7.80729546,2.489834844,52.08652173,2.879727658,91.98825241,94.15602819,0.008747308,8.2,0.0
Sub-Saharan Africa (excluding high income),SSA,43.6989996,40.72306,36.85797,8.204580307,6.689909935,1860.252141,4.840341239,3658.156903,1804.543045,20.36951796,62.45056343,1.919714632,15.18234048,27.45603678,42.22866476,55.44364002,27.86069539,25.14435883,16.52928449,12.10972724,2.764656443,53.38609552,2.914904879,88.13846556,52.81315866,0.263828104,8.222230796,1.38276377
East Asia & Pacific (IDA & IBRD countries),TEA,21.11883787,83.23745,83.49859,31.65932083,33.78865051,6588.031586,6.615551657,11919.00431,6538.070695,42.2842692,42.58027555,-1.582139094,8.557320764,30.28338027,,89.530507,78.74726732,3.754985021,3.448205998,17.42472216,0.731154417,71.14989622,7.73126591,40.87699734,96.39332169,10.58845026,39.71046374,15.86880373
Turkey,TUR,26.90189726,84.28302765,80.52494812,,,10589.66772,7.501997489,27913.81872,10970.0,27.01089404,26.923,-0.305073203,6.557235473,27.96260021,50.09420111,95.41132275,93.2882454,0.364849644,0.533448364,15.12332009,1.400088606,65.88643371,7.211669038,51.77631207,85.40330063,9.813989489,39.82,22.40030513
Vietnam,VNM,23.17267683,,,,,2085.101349,6.679288789,6102.636869,1970.0,25.70504348,67.571,0.056140402,17.96358637,44.48137517,35.00112878,95.51497454,86.02534939,2.971306171,4.554031956,14.19117574,0.994310472,69.55234487,7.274978298,43.77660459,147.1952734,13.6002095,69.84792868,4.4965804
Dominican Republic,DOM,27.7086939,81.59329224,85.01241302,,,7268.19691,-6.720239373,17936.73468,7260.0,17.67940034,21.434,-2.955782422,5.484695931,43.54481474,50.27944525,96.61749289,86.72522397,2.354867463,0.358710939,5.944199871,1.046620579,64.99291644,7.298389658,53.8629292,83.32379175,8.658968589,75.8,11.27745355
"Hong Kong SAR, China",HKG,11.04840168,101.3974762,100.5042725,69.29174805,73.26067352,43731.10682,2.169494388,57221.41376,42970.0,23.79195949,0.0,,0.053368402,,5.238095238,99.91701535,96.58326011,0.0,0.001567322,20.56634192,0.702370951,74.28499146,14.66660686,34.61668733,237.7048273,31.97449917,79.86627043,61.9209578
IDA total,IDA,40.13452377,46.60781,43.4984,,,1321.432163,4.249031513,3694.736109,1307.368845,15.94748619,63.99176749,1.515620405,21.81994897,26.22330994,39.81688135,67.41744763,38.30232837,19.79153495,9.041570452,9.507826026,2.250608734,56.41530036,3.450175872,78.71799345,63.40521579,0.43297196,9.805889733,1.765373931
New Caledonia,NCL,24.19147005,,,,,,,,,,29.744,-1.21044078,,45.85995624,10.06728665,97.90520608,100.0,0.0,,,1.65510643,67.63340417,8.175125775,47.85565748,90.79738103,21.77493753,70.0,33.05457927
Colombia,COL,25.55024204,96.14040375,100.0441666,48.73310852,52.1595192,7335.166934,6.947891982,11604.10228,6310.0,22.07817803,20.236,-0.539499594,5.980424808,54.19978369,40.33699865,95.75884758,87.15938051,4.401142909,7.332431344,12.10300583,0.906920982,67.25687799,7.192879964,48.68367969,108.17202,9.759270646,51.7,15.35946936
Comoros,COM,39.01984933,,,,,1242.585682,1.116140583,2709.56254,1380.0,-3.894515182,71.877,2.301544318,30.17296341,19.57227297,71.46695325,,,,,,2.174355026,57.87435847,3.105792197,72.78812891,54.37148761,0.104875684,,0.870859164
Caribbean small states,CSS,23.25547945,,,,,10306.88816,0.80382066,15355.54247,9923.545687,,49.09365291,0.404396312,4.416697096,90.09704829,5.131381993,94.78293016,88.86162239,0.779392583,,,0.552626,67.51539424,9.229126306,48.18064439,115.8044706,17.36491858,,17.31588954
Hungary,HUN,14.71850343,96.79927063,95.89749146,62.5932312,71.79921722,15899.14828,-4.956748517,33084.09623,,29.7738612,31.089,-1.666276993,3.04012173,22.60455098,59.01910969,99.96937997,98.00476169,0.0,0.697803918,18.77803099,-0.283360436,68.93016953,16.35132704,45.07436356,118.1317201,23.37476555,68.01998789,29.64235909
Philippines,PHL,33.29024086,,,31.20648003,34.46017838,3001.043182,6.348309717,7186.76928,3380.0,16.61547024,53.093,0.973076809,9.650140358,23.87500419,41.72116578,90.75373191,71.20451811,6.888663189,1.53547699,8.984508371,1.704125789,62.40403319,4.305725954,60.24605318,104.9023479,2.208148996,36.2351,3.593322733
Uzbekistan,UZB,28.80004642,,,,,1719.05721,5.79837496,7310.960056,1800.0,28.94480651,49.45,1.88593519,30.07365153,8.198462506,58.06390111,97.82878485,100.0,0.0,,,1.922126527,66.41109739,4.788856191,50.57724418,99.75439212,14.4013259,,10.60697203
Faroe Islands,FRO,,,,,,49459.71723,,,,15.60393381,58.637,-0.113862808,15.19963672,0.05730659,2.148997135,100.0,,,0.0,,0.353222226,,,,117.1041508,37.48891684,,35.44136751
Japan,JPN,12.81439044,,,,,38109.41211,0.374719476,39179.15561,43950.0,21.45093369,8.384,-1.164159378,1.239368298,68.40877915,12.12620027,99.00085897,99.93439977,0.0,0.037551762,21.45115304,-0.164484036,60.07613014,27.10947942,66.45546292,135.5186644,31.78948999,91.72654724,50.15929816
Moldova,MDA,15.81605859,86.83374023,86.54093933,41.08351898,46.66392899,3322.038436,9.043865482,8381.671833,3620.0,-6.563869783,57.51,-0.777456033,11.50526791,11.75182482,70.49878345,89.36543725,77.07621106,0.134033658,0.260945348,11.32273507,-1.691932579,73.27474257,10.90919884,36.47266864,92.28905501,14.39348481,76.12451989,28.17588758
Montenegro,MNE,18.49842732,92.6951828,93.50499725,,,8850.094631,5.077865034,21547.28716,8450.0,8.055574677,32.512,-1.083980117,,61.48698885,,97.39129537,95.54342072,0.106118121,0.721398982,13.36485894,0.056110724,67.71862778,13.7829449,47.66993103,160.7592877,17.92693586,68.11978601,24.63458361
French Polynesia,PYF,25.47972453,,,,,,,,,,38.216,0.425480018,,40.83606557,12.43169399,100.0,97.5238985,0.541545635,,,0.448745828,68.16573155,6.354543919,46.70120632,81.02306206,12.10223115,49.0,20.61961682
Tanzania,TZA,44.09823815,29.43507957,30.12851906,,,743.4036639,6.336523427,2088.097719,720.0,23.59186235,67.667,1.945011116,27.44414257,53.76044254,44.76179725,58.52723439,30.10877427,11.00516102,3.460390269,11.04674154,2.97948066,53.30046267,2.601299178,87.61563343,77.24135223,1.529357877,19.0,0.220618745
Guinea-Bissau,GNB,42.33915221,,,,,749.453747,4.499999992,2021.301943,800.0,5.520719538,57.467,1.859195104,46.34835901,71.61344239,28.38655761,58.95852593,16.69198488,12.69243588,9.478576026,4.809151111,2.493505196,54.83713146,2.823716336,82.35810919,78.9888828,0.064237212,22.0,0.0
Syrian Arab Republic,SYR,36.02824933,77.87033081,77.84510803,30.90498924,30.59374046,,,,,,45.179,-0.712731223,,2.843108425,,93.17550667,90.43993583,0.672502439,,,-3.097273339,60.36728768,3.60446299,65.65263074,63.5064898,1.184772768,24.3001,20.81352792
Kazakhstan,KAZ,29.14417315,,,,,9070.488253,7.3,19225.07691,7440.0,43.80717312,43.027,1.239166637,4.288330156,1.175201022,80.38378338,95.43497032,97.8671202,0.0,,,1.29209842,62.95302472,7.902802126,58.84859739,134.0863443,13.93481828,85.94259898,16.55455347
Puerto Rico,PRI,19.07149839,87.88002777,91.45337677,93.27568054,110.1269379,31604.70151,-4.147474747,35122.87966,21080.0,29.14976468,6.175,0.454023856,0.835524637,55.40586246,21.86020293,99.27796948,100.0,0.0,0.0,21.49762621,-1.633128331,65.51453062,15.41397099,52.63785831,92.91050221,17.67203139,,23.84496849
Brunei Darussalam,BRN,25.46813721,101.4305496,101.5033112,17.40431976,22.48695946,35270.64214,2.598965746,80280.02445,33300.0,63.13536651,24.003,-0.062820865,0.684659216,72.10626186,2.732447818,99.50186192,96.34904195,2.6,29.6620696,8.707774341,1.291815066,71.04763163,3.484231168,40.75079101,112.5665502,5.889181281,56.0,20.27976469
Ghana,GHA,38.87042269,56.44244003,53.44424057,11.94182968,9.21102047,1549.462719,14.04712363,3379.484599,1380.0,0.387756379,42.651,0.636743318,18.23772918,35.09585128,,76.80702433,16.41151977,19.34609844,16.05074604,11.13475389,2.369482728,58.21632954,2.91324777,71.77311412,98.54586684,0.262081938,10.6,1.096230447
OECD members,OED,18.67718091,103.2148,103.5243,69.76740265,75.43435669,37975.91377,-4.688604788,44650.4295,,,19.40535304,-0.458384019,1.428080502,32.75005678,34.27381216,98.9343162,97.61998501,0.466295688,0.980283999,17.03838622,0.644054909,66.09852894,15.22429015,51.47393312,109.8641765,26.82385526,71.53632838,39.65167742
Timor-Leste,TLS,40.65806291,65.93543243,67.12640381,,,1353.746815,3.36489797,3130.571937,1750.0,-14.07449955,68.68,1.39767539,,61.94351042,,70.77234406,49.15500353,25.47689587,,2.147062703,1.7746246,55.03210803,4.309829064,81.71217261,56.36030362,0.060695712,11.0,0.260124478
South Asia (IDA & IBRD),TSA,29.25006738,70.07009,70.20706,23.03627014,22.63945961,1867.505482,6.628584341,5773.980787,1733.82187,27.64116237,67.66315207,0.698173519,17.24996704,18.53036981,56.66397084,89.03462474,58.87343164,21.99041499,1.506631613,9.636208636,1.244435041,65.2064645,5.543468122,53.64857311,83.64235764,1.632124078,15.40834193,1.793842256
Sub-Saharan Africa (IDA & IBRD countries),TSS,43.47314714,44.59447,41.24412,8.89661026,7.472720146,1483.769566,-2.448262357,3821.247333,1478.569623,19.54315716,61.93094245,1.896163896,15.05910237,27.29284254,42.31823425,57.52256068,29.0184151,23.52771217,12.24316852,12.26629062,2.758295756,53.60017081,2.926682045,87.38400062,65.54105862,0.318943602,11.59696001,1.121190702
Upper middle income,UMC,20.1111246,,,,,8566.499744,5.253414875,14378.17826,8327.563851,33.8589202,40.08227139,-1.539748002,6.902974934,37.51508683,35.38672611,95.72781924,91.78737989,0.450260883,,,0.516913573,68.8186361,11.07023931,45.5084393,118.4665275,26.60526732,72.88808682,13.2685827
Guatemala,GTM,33.85933214,51.14957809,50.11746979,,,3779.642336,4.443977583,7758.49317,3550.0,3.476608923,51.0,1.192927337,10.72274975,34.22807018,35.54647256,93.62464631,67.68918412,2.555708434,1.222665196,12.4673437,1.560386048,61.21168353,4.928984331,63.36750232,118.7279996,,44.40104984,11.22776295
Italy,ITA,13.32911609,101.3531036,100.6277924,64.29161835,74.12349701,31676.2021,-8.871146348,41839.99102,32200.0,21.1617752,28.961,-1.334312664,1.99068791,32.13021865,,99.91703407,99.88528149,0.0,0.103771522,17.37289998,-0.19006364,63.91920431,22.7516796,56.44750534,137.466947,28.3006229,74.38718292,33.64260989
Burkina Faso,BFA,46.18208667,23.83592987,20.8483696,4.146520138,2.738840103,647.8360955,8.446281577,1502.104047,650.0,13.94889317,70.02,1.960195774,20.17366478,22.90350877,,52.54423176,17.89136872,54.08585438,13.63583127,8.046255571,3.009045176,51.35670738,2.461205952,94.71653351,47.76857082,0.087446064,3.0,0.880050775
Czech Republic,CZE,14.69638833,103.9989471,104.3754807,65.08576965,76.76360321,17829.69832,5.388380838,33899.28657,18370.0,33.92514082,26.616,-0.247282198,2.413452542,34.52716913,45.53224553,99.87411204,99.13639809,0.0,0.392345354,22.92231173,0.033169946,68.34524579,16.95836588,46.3159572,129.5920015,26.97925752,74.1104,18.90137215
Lesotho,LSO,33.80012675,60.21678162,69.36351776,10.96457958,12.87611008,1018.931093,3.588364597,2990.283703,1270.0,-16.81090193,73.092,0.204798092,3.781795521,1.137022398,73.22134387,70.23970395,38.64773109,29.0477398,5.458704871,10.53274834,0.732817029,61.40664417,4.793229081,62.84880695,104.6658462,0.073503324,22.0,2.432852365
Bermuda,BMU,,,,,,98431.86518,-5.305299107,67453.82052,100100.0,37.1333363,0.0,,0.23503913,18.51851852,5.555555556,99.90314002,99.90314002,0.0,0.0,5.094573158,-1.05247098,,,,100.8348853,35.97897794,98.0,32.11861999
Chad,TCD,48.52518039,22.3210907,13.96889973,,,776.0197523,2.767675685,1820.059909,880.0,21.53476328,77.946,3.275056698,51.19620013,4.290025413,39.17963787,43.37833546,10.57634299,67.31806417,26.58872721,10.76732284,3.370767564,48.97118833,2.503631279,104.2017026,34.43385283,0.152165666,2.1,0.218518156
Bahrain,BHR,20.51211077,96.67333984,97.26215363,39.54288864,57.90605164,,-5.814683428,43181.21063,,,10.606,3.465027706,0.282447212,0.871794872,,100.0,100.0,0.0,9.311952763,5.286818851,1.153907053,77.23447714,2.253412095,29.47582646,168.0717065,22.81746092,90.0000397,22.16675234
Low & middle income,LMY,27.37873419,72.41398,72.05927,33.77481079,35.76073074,4370.990223,5.124746063,8552.777511,4147.620711,32.97802744,52.57981721,0.257933669,9.093637004,32.11733415,37.62352528,87.80861992,72.72100153,8.576863311,3.250218551,14.46602586,1.201496567,65.24616978,7.375096026,54.6379406,105.6731075,11.82259151,50.43333296,7.612502739
Mongolia,MNG,30.79828114,,,,,4134.979372,7.246629636,12201.64701,3630.0,34.03204642,31.837,1.796732424,13.34122109,9.127065578,73.17515899,84.53621267,66.57753112,8.697677808,16.43087561,10.11203068,1.718532829,65.01238541,4.189333452,53.81687053,137.0136492,9.838777341,51.07999408,10.89435059
Indonesia,IDN,27.23268334,84.95211792,86.27207947,35.43735886,37.69702911,3837.578024,5.069785901,10935.63172,3530.0,33.60385587,44.675,-0.345256883,12.80849756,49.71681778,33.18208764,89.32043532,76.13784121,10.83636264,2.626529135,16.86195256,1.220591058,67.2429804,5.524336262,48.71440741,147.4150225,1.998572155,25.4473537,4.111125853
Afghanistan,AFG,43.682526,53.64319992,38.60253906,,,493.7565814,1.189228128,2082.635648,520.0,,76.263,2.472936901,26.21006854,1.850994088,58.06911129,66.80870335,45.78912703,12.8668456,0.696790427,4.455848494,2.54783304,53.76322252,2.55425147,86.00075464,65.92913406,0.025297475,,0.327222367
Malaysia,MYS,26.69723938,81.47545624,83.45069122,37.6123085,43.28742981,9955.242722,5.091532422,24801.88843,10680.0,32.95157254,23.964,-1.076172683,7.51202828,58.48224015,26.08735352,97.02948545,99.20196433,0.311867654,9.675678238,18.60971697,1.445739447,67.99096772,5.311792902,47.0783596,142.1646873,10.04844161,65.8,15.78667319
American Samoa,ASM,,,,,,11496.5241,-4.334828102,,,-17.03125,12.847,-0.253521263,,85.65,,99.77377166,54.45476038,0.700868298,0.0,,-0.280883888,,,,,,,
IDA & IBRD total,IBT,28.3202395,70.68799,70.00598,28.06732941,29.0576992,4848.12374,4.415896181,9445.089936,4795.947156,30.92796229,50.64964823,0.199161078,8.559100584,31.99019855,37.5586189,85.11968423,65.13300691,13.85162664,6.414908155,13.94502109,1.293863954,65.35526397,6.324496533,54.79130897,88.70178349,6.009485505,28.76512947,10.49257778
Namibia,NAM,36.90520212,,,20.59754944,25.97563934,5806.748245,5.091338114,8958.932312,5130.0,12.38093984,52.039,-0.171720689,6.720117633,8.408871722,47.14013288,82.52413515,33.86496778,49.03583727,1.885761273,11.06907985,1.807897723,59.35347643,3.741321454,68.48215468,110.1478506,3.041508417,25.68785182,7.883998645
Nauru,NRU,,,,,,11614.66508,6.097560976,13963.76739,14320.0,,0.0,,4.196069032,0.0,20.0,100.0,,,,,0.648210437,,,,,,,
Romania,ROU,15.76420164,97.51628113,97.01351929,49.71393967,55.85263824,12896.08862,-3.859373593,31945.74966,12570.0,20.04208616,46.002,-0.722179308,4.331834131,30.11582928,58.30146036,100.0,80.66381386,0.0,2.337225311,18.63939048,-0.445177936,68.19196213,16.04383623,46.6448452,112.9157583,17.50757843,45.87999425,22.98854098
India,IND,27.47869957,73.47688293,74.05850983,27.44212914,28.03871918,1443.882435,5.456388753,4861.156152,1480.0,32.85518998,68.366,0.709199107,16.84537707,23.55342242,60.42062566,89.09243315,62.49361923,23.46163252,1.962666427,10.55274349,1.06335943,66.53818711,5.983113317,50.28963719,87.31773719,1.333856253,18.2,1.735645771
Lower middle income,LMC,32.1483921,60.52851,58.81854,19.86434937,18.44833946,2145.495731,5.578824776,6082.520848,2160.536902,27.41714132,60.42038652,0.737629302,15.07997196,26.9905819,41.42550101,83.65840374,52.76305995,25.13944081,11.28326986,11.58144774,1.555626025,62.94230582,4.90930208,59.8059201,76.16804039,1.261536215,12.70276771,5.637007145
Georgia,GEO,18.25589687,,,32.24253082,36.97003937,4014.185944,3.02220738,12089.16941,4410.0,9.250331516,42.933,-0.838876895,8.52621771,40.61591596,34.76759246,95.36102572,87.23066673,0.247498028,1.085822012,13.24882867,-0.736565519,67.56095929,14.18314385,48.01447884,115.6116991,11.39369888,36.94,31.39312803
Greenland,GRL,,,,,,47186.98147,-0.496519392,,,9.457330993,13.426,-1.852269705,19.23157291,0.000535997,0.592301133,99.99999832,99.59724187,0.0,0.0,,1.028023326,,,,101.2553409,21.87577245,63.0,38.52890286
Niger,NER,49.98432461,,,4.414350033,2.565180063,552.569139,5.315130636,1127.348953,570.0,17.3753951,83.788,3.903518284,33.68099382,0.930812347,35.35328018,46.41606758,13.86985027,69.58580949,6.673743518,4.792710784,3.816736721,47.42066751,2.595007883,110.8785121,,,,
New Zealand,NZL,19.65343146,114.6388321,118.1604309,82.98303223,99.13540649,33676.77412,1.527994135,31239.19131,29680.0,22.47100943,13.534,1.602242554,5.903578884,37.41160609,40.42383502,99.99999614,99.99999614,0.0,1.700829243,14.47826305,1.791240168,64.69414402,15.65242453,54.57350663,134.9319679,34.72389862,,37.10629118
Argentina,ARG,24.59552588,,,,,11633.49801,-2.565351882,23305.84742,12370.0,17.77413958,8.497,-0.393992379,5.156685902,10.63218706,54.33571212,,,,2.071184086,12.68750209,0.993397493,64.16136585,11.24310827,55.85703345,125.842106,19.63610555,,17.32274615
IDA blend,IDB,39.44465347,48.3491,45.12755,9.810370445,8.549420357,1773.844239,1.464140831,4676.260189,1843.600047,12.11164217,61.46084714,1.664303801,22.85707729,30.56395666,44.53013135,76.95492392,49.55326789,15.39913006,4.489534242,10.33495409,2.340843901,57.16222735,3.393119174,75.76373092,74.02330149,0.7961847,18.92995145,1.643696029
Cambodia,KHM,32.92083588,,,14.89006996,11.42138004,1512.727753,-3.141034806,4422.045743,1490.0,23.38868829,77.812,1.105006986,26.58036001,50.11794697,31.53183775,65.54445489,40.8613316,49.36273265,3.050561909,8.85764208,1.588852798,63.2824793,3.796684822,58.02161707,94.60559671,0.151291933,3.1,3.644760214
Somalia,SOM,48.17452146,,,,,309.4154546,-1.495162709,875.1695992,310.0,-72.60624774,55.609,1.776238698,,9.899336883,70.33665955,40.27195943,28.63190514,40.2012684,,,2.745739419,49.13486788,2.690610661,103.5214584,18.08815585,0.314576624,1.3767,0.550509091
Middle East & North Africa,MEA,30.45631438,75.01231,72.74308,31.40032005,32.0271492,8326.334924,3.737305979,17910.37154,7361.988979,43.01405094,36.99801654,1.13533316,4.37038336,2.035457993,33.18228558,91.37815376,87.10454856,3.125908769,25.88503467,9.856863621,2.126041021,64.94593098,4.597754639,55.44386922,91.77876516,2.613456646,25.03272652,16.52297213
Sub-Saharan Africa,SSF,43.6969553,40.78369,36.92546,8.237159729,6.730070114,1599.015966,2.307749873,3945.623009,1560.139441,19.77917878,62.96280676,1.932500058,15.86797742,27.62104013,42.0644268,55.44760076,27.86764238,25.14195317,16.5180381,12.11091011,2.764102853,53.38768824,2.91535646,88.13410167,52.82190037,0.265298719,8.226009069,1.385746974
Monaco,MCO,,,,,,169016.1961,7.0,,,,0.0,,,0.0,,100.0,100.0,0.0,,,0.708343221,,,,90.4260741,53.20065236,,111.375567
"Congo, Dem. Rep.",COD,46.26351617,43.32061005,32.03720093,8.139550209,5.023590088,471.3188225,2.399379098,963.6692722,470.0,9.387610039,58.918,2.428580213,20.44106071,59.53386471,13.57535123,40.21581378,19.16364168,11.44223736,28.57233016,5.778759613,3.337675974,50.73456277,3.001921065,97.10429045,23.43620874,,1.2,0.085341726
Ecuador,ECU,30.21971357,99.54315186,102.1135712,39.81666946,45.33184814,4633.591284,3.525298669,9090.31005,4390.0,23.52398629,37.31,1.068132961,9.733118078,52.45687711,30.18883878,90.94651335,82.86619903,5.479792218,14.32325172,12.50074646,1.49891549,63.57835586,6.201930568,57.28622719,106.350217,5.452361982,35.13514645,14.91958725
Sweden,SWE,16.62988855,98.14225006,97.47563171,68.81764984,84.13793182,53791.50873,2.567924525,51947.95425,53030.0,28.25940403,12.569,-1.080524095,1.392786621,68.69460607,7.387493555,99.71087029,99.20237552,0.0,0.463887249,16.59503434,0.739763272,64.56035181,18.80975964,54.89381996,124.1609811,32.2040715,93.17998801,43.68820218
Bhutan,BTN,25.34019489,,,,,2563.261224,7.982617041,7295.853328,2240.0,39.30048729,61.322,-0.010753218,14.43686801,71.23278327,13.78912296,97.28612149,75.23785494,0.137019016,2.195491258,8.416563705,1.146379252,68.56683074,6.092974373,45.84321588,95.5637066,1.149795831,,2.828099364
Luxembourg,LUX,16.63703121,102.7083893,103.8667603,,,116597.2956,3.110836266,116644.8481,70840.0,53.57693049,10.426,-0.757919097,0.27688434,36.50205761,53.8600823,99.94460424,97.61614165,0.0,0.0532137,17.31946634,2.356978705,69.40196496,13.96100383,44.08825784,144.7027678,33.68703518,94.67,48.889482
Brazil,BRA,20.70919916,,,,,12370.02445,1.921150318,15046.29018,12310.0,20.05802989,13.691,-1.124267242,4.600591696,59.83288148,28.34106631,99.32085299,90.07847103,0.30412818,,,0.712872791,69.69852622,9.592274616,43.47505641,96.83635,17.09859319,,14.42129144
Other small states,OSS,30.09125175,68.68118,69.64921,20.23620987,24.70079041,12814.12165,3.122866608,21723.45213,14100.43659,39.08182026,36.93753455,0.584255245,1.896984406,28.71385896,,85.57226096,66.78896461,9.987382113,10.34885334,14.5667598,2.0514267,64.48695395,5.421794304,57.81525441,120.3734568,7.281967392,54.61990839,10.45975821
Libya,LBY,28.72472991,,,,,3699.228621,-31.3,10846.94382,4850.0,,21.723,-0.230588589,,0.123327688,8.724439342,98.15158471,92.10428565,0.749692188,21.48315193,7.41103803,1.143967287,66.99872862,4.276541466,49.25655194,117.9894772,2.60190673,20.27215956,21.17026655
Aruba,ABW,17.98018336,,,,,30253.27936,,,,20.74823762,56.808,0.354821995,,2.333333333,11.11111111,,,,0.002860261,11.0242062,0.471874003,68.94633943,13.07347721,45.03943945,,,97.17,
Poland,POL,15.03209089,96.21340942,95.71790314,73.9614563,90.97769165,12578.49547,4.236326306,26862.05252,13310.0,23.35135183,39.22,0.339748604,3.085064312,30.52346276,48.26111093,98.65689045,96.6502305,0.0,1.428048151,11.50166591,-0.000239076,70.78078546,14.18712365,41.28127908,141.4867678,18.01780959,62.30999727,15.56724083
Germany,DEU,13.95559545,,,,,42107.51727,2.229999868,50579.68393,44250.0,27.34430926,22.624,-0.056965671,0.721821951,32.68361097,,100.0000023,99.22561915,0.0,,,0.177430344,64.35695518,21.68744937,55.38336207,128.3062093,43.01628467,89.81294133,45.7128169
"Yemen, Rep.",YEM,41.06956904,,,,,1138.603723,-9.375123818,,1150.0,,64.606,1.547790025,7.091384546,1.039831809,44.29380457,54.75738079,51.23211023,16.54173314,11.04625855,4.693626555,2.654140643,56.15766811,2.772762855,78.07006807,66.2187927,1.316630966,22.55,4.525338079
Tunisia,TUN,23.33315531,90.18618774,94.49137878,35.41902924,43.22497177,3481.241106,1.918055729,10605.29488,3520.0,6.926498183,30.746,0.1136738,10.26866631,4.51338826,,92.22490194,86.81155168,4.014651338,5.998778304,15.49131329,1.035445491,69.18065067,7.486194017,44.54908249,104.5035356,4.534019154,36.8,12.12557982
Ireland,IRL,21.8727008,116.9898682,118.6520386,77.23214722,80.58055115,79297.7292,8.516395723,84910.55245,60450.0,57.84128811,38.258,-0.085282549,1.210455392,10.55651038,66.11990129,97.37212799,91.0616666,0.0,0.017802752,27.86221421,0.944845307,65.33622788,12.79107132,53.05446048,105.3646002,28.14590241,83.49479167,41.52799884
Slovenia,SVN,15.02177505,114.489212,115.9077377,77.11312103,91.63233948,24214.92207,2.768158831,30870.02367,23610.0,26.12776135,45.178,0.076341466,2.005825235,61.57307165,,99.5,98.08099205,0.0,0.264229723,19.02511569,0.362584395,65.3713453,19.60687965,52.97226886,118.6742271,29.48956054,79.7499766,34.78453796
Guam,GUM,26.27441446,,,,,36214.00692,0.181983621,,,,5.636,-1.263961434,,45.55555556,33.33333333,99.6952,90.35076551,0.7332,0.0,,0.265289399,65.5345465,8.191039044,52.59162727,,1.87024257,65.4,41.76875074
Cyprus,CYP,16.78784796,100.2535172,98.96697235,81.33708191,84.49549866,24605.92083,6.438058481,35719.06637,24710.0,19.13484041,32.739,1.347564254,2.006895095,18.7,12.65151515,99.76518389,99.39585892,0.0,0.004732069,11.56970675,0.808549298,69.49309027,13.71906177,43.89918386,137.0450965,35.78741866,84.43358252,35.57015641
Sri Lanka,LKA,25.15213855,99.44696808,101.7698593,17.12875938,21.02697945,3610.289363,3.39573265,10852.06404,3490.0,24.6324201,81.802,0.777858331,7.666516518,33.78631797,43.69319088,88.04181203,87.84836699,1.717758469,0.140422702,6.601670989,0.12984681,66.67761511,8.17024634,49.97536879,94.15682378,1.724087549,,16.79958213
Ukraine,UKR,15.81241317,,,,,3726.927149,-4.020317714,13056.70207,3540.0,6.459046537,31.032,-0.778505883,10.15460815,16.6327746,71.65840943,93.85588486,97.74059161,0.0,2.552134505,11.80972874,-0.466425621,67.75290039,16.43468644,47.59515828,127.753861,12.80325605,62.55315539,14.38824117
United Arab Emirates,ARE,13.15629917,,,,,43839.32449,1.189855638,68576.11552,41470.0,49.87897504,15.913,5.542313673,0.763452742,4.467755562,5.523796114,99.97133657,97.9156792,0.0,22.65124301,4.468933206,7.687222167,86.15810923,0.685591606,16.06567934,127.7898753,9.202562623,68.0,17.30394241
El Salvador,SLV,26.85844526,,,,,2983.228806,2.105085752,6127.076761,2880.0,-2.97231341,28.725,-2.156857248,5.392966949,28.83108108,71.16891892,97.78160367,82.6592314,0.587901771,0.55728081,14.11094723,0.509699114,64.67197217,8.469582569,54.62649132,161.1017373,8.136417257,50.49119319,13.84710097
Europe & Central Asia (excluding high income),ECA,19.60642055,89.08722,87.68118,57.54550171,62.19662857,7656.593919,-1.515204253,22627.63796,7899.605024,26.28932346,34.00569932,0.106311269,5.383788656,39.33324969,28.04767209,94.96380911,90.78920109,0.103033803,10.50709628,12.80195121,0.515213558,69.29486688,11.09871257,44.5416047,122.9768957,8.850157028,35.59815482,25.4106211
